{
  "Container": {
    "Type": "Multiple",
    "Containers": [
      {
        "Type": "Choice",
        "RollsMin": 1,
        "RollsMax": 2,
        "Containers": [
          {
            "Type": "Single",
            "Weight": 9,
            "Item": {
              "ItemId": "Ingredient_Fabric_Scrap_Linen",
              "QuantityMin": 1,
              "QuantityMax": 2
            }
          },
          {
            "Type": "Single",
            "Weight": 9,
            "Item": {
              "ItemId": "Ingredient_Bone_Fragment",
              "QuantityMin": 1,
              "QuantityMax": 2
            }
          },
          {
            "Type": "Single",
            "Weight": 1,
            "Item": {
              "ItemId": "Armor_Steel_Ancient_Chest",
              "QuantityMin": 1,
              "QuantityMax": 1
            }
          },
          {
            "Type": "Single",
            "Weight": 1,
            "Item": {
              "ItemId": "Armor_Steel_Ancient_Hands",
              "QuantityMin": 1,
              "QuantityMax": 1
            }
          },
          {
            "Type": "Single",
            "Weight": 1,
            "Item": {
              "ItemId": "Armor_Steel_Ancient_Head",
              "QuantityMin": 1,
              "QuantityMax": 1
            }
          },
          {
            "Type": "Single",
            "Weight": 1,
            "Item": {
              "ItemId": "Armor_Steel_Ancient_Legs",
              "QuantityMin": 1,
              "QuantityMax": 1
            }
          },
          {
            "Type": "Single",
            "Weight": 1,
            "Item": {
              "ItemId": "Weapon_Crossbow_Ancient_Steel",
              "QuantityMin": 1,
              "QuantityMax": 1
            }
          }
        ]
      },
      {
        "Type": "Choice",
        "Weight": 25,
        "Containers": [
          {
            "Type": "Choice",
            "Containers": [
              {
                "Type": "Single",
                "Item": {
                  "ItemId": "Geared_Cent_Hands"
                },
                "Weight": 25
              },
              {
                "Type": "Single",
                "Item": {
                  "ItemId": "Geared_Cent_Head_Glow"
                },
                "Weight": 25
              }
            ],
            "Weight": 25
          },
          {
            "Type": "Single",
            "Item": {
              "ItemId": "GearedCent_Chest"
            },
            "Weight": 25
          },
          {
            "Type": "Single",
            "Weight": 25,
            "Item": {
              "ItemId": "Geared_Cent_Hands"
            }
          },
          {
            "Type": "Single",
            "Weight": 25,
            "Item": {
              "ItemId": "Geared_Cent_Legs"
            }
          }
        ]
      },
      {
        "Type": "Droplist",
        "DroplistId": "Zone4_Encounters_Tier2"
      }
    ]
  }
}
