{
  "Container": {
    "Type": "Multiple",
    "Containers": [
      {
        "Type": "Choice",
        "RollsMin": 2,
        "RollsMax": 4,
        "Containers": [
          {
            "Type": "Single",
            "Weight": 10,
            "Item": {
              "ItemId": "Ingredient_Fabric_Scrap_Cindercloth",
              "QuantityMin": 3,
              "QuantityMax": 8
            }
          },
          {
            "Type": "Single",
            "Weight": 10,
            "Item": {
              "ItemId": "Ingredient_Fire_Essence",
              "QuantityMin": 3,
              "QuantityMax": 8
            }
          },
          {
            "Type": "Single",
            "Weight": 3,
            "Item": {
              "ItemId": "Ingredient_Leather_Light",
              "QuantityMin": 2,
              "QuantityMax": 5
            }
          },
          {
            "Type": "Single",
            "Weight": 6,
            "Item": {
              "ItemId": "Ingredient_Leather_Medium",
              "QuantityMin": 2,
              "QuantityMax": 4
            }
          },
          {
            "Type": "Single",
            "Weight": 6,
            "Item": {
              "ItemId": "Ingredient_Leather_Heavy",
              "QuantityMin": 1,
              "QuantityMax": 2
            }
          },
          {
            "Type": "Single",
            "Weight": 1,
            "Item": {
              "ItemId": "Ingredient_Powder_Boom",
              "QuantityMin": 2,
              "QuantityMax": 4
            }
          },
          {
            "Type": "Single",
            "Weight": 5,
            "Item": {
              "ItemId": "Ingredient_Fibre",
              "QuantityMin": 5,
              "QuantityMax": 10
            }
          },
          {
            "Type": "Single",
            "Weight": 3,
            "Item": {
              "ItemId": "Ingredient_Stick",
              "QuantityMin": 4,
              "QuantityMax": 6
            }
          },
          {
            "Type": "Single",
            "Weight": 1,
            "Item": {
              "ItemId": "Ingredient_Tree_Sap",
              "QuantityMin": 3,
              "QuantityMax": 4
            }
          },
          {
            "Type": "Single",
            "Weight": 3,
            "Item": {
              "ItemId": "Ingredient_Charcoal",
              "QuantityMin": 3,
              "QuantityMax": 11
            }
          },
          {
            "Type": "Single",
            "Weight": 6,
            "Item": {
              "ItemId": "Ore_Silver",
              "QuantityMin": 3,
              "QuantityMax": 4
            }
          },
          {
            "Type": "Single",
            "Weight": 4,
            "Item": {
              "ItemId": "Ore_Gold",
              "QuantityMin": 2,
              "QuantityMax": 3
            }
          },
          {
            "Type": "Single",
            "Weight": 3,
            "Item": {
              "ItemId": "Ingredient_Bar_Silver",
              "QuantityMin": 1,
              "QuantityMax": 2
            }
          },
          {
            "Type": "Single",
            "Weight": 2,
            "Item": {
              "ItemId": "Ingredient_Bar_Gold",
              "QuantityMin": 1,
              "QuantityMax": 2
            }
          },
          {
            "Type": "Single",
            "Weight": 10,
            "Item": {
              "ItemId": "Ingredient_Bar_Cobalt",
              "QuantityMin": 2,
              "QuantityMax": 5
            }
          },
          {
            "Type": "Single",
            "Weight": 10,
            "Item": {
              "ItemId": "Ingredient_Bar_Adamantite",
              "QuantityMin": 2,
              "QuantityMax": 4
            }
          },
          {
            "Type": "Single",
            "Weight": 1,
            "Item": {
              "ItemId": "Tool_Repair_Kit_Iron",
              "QuantityMin": 1,
              "QuantityMax": 1
            }
          }
        ]
      },
      {
        "Type": "Choice",
        "RollsMin": 1,
        "RollsMax": 2,
        "Containers": [
          {
            "Type": "Single",
            "Weight": 5,
            "Item": {
              "ItemId": "Plant_Seeds_Onion",
              "QuantityMin": 2,
              "QuantityMax": 3
            }
          },
          {
            "Type": "Single",
            "Weight": 5,
            "Item": {
              "ItemId": "Plant_Seeds_Potato",
              "QuantityMin": 2,
              "QuantityMax": 3
            }
          },
          {
            "Type": "Single",
            "Weight": 5,
            "Item": {
              "ItemId": "Potion_Health_Lesser",
              "QuantityMin": 1,
              "QuantityMax": 2
            }
          },
          {
            "Type": "Single",
            "Weight": 5,
            "Item": {
              "ItemId": "Potion_Stamina_Lesser",
              "QuantityMin": 1,
              "QuantityMax": 2
            }
          },
          {
            "Type": "Single",
            "Weight": 3,
            "Item": {
              "ItemId": "Potion_Signature_Lesser",
              "QuantityMin": 1,
              "QuantityMax": 2
            }
          },
          {
            "Type": "Single",
            "Weight": 2,
            "Item": {
              "ItemId": "Potion_Health_Greater",
              "QuantityMin": 1,
              "QuantityMax": 2
            }
          },
          {
            "Type": "Single",
            "Weight": 2,
            "Item": {
              "ItemId": "Potion_Stamina_Greater",
              "QuantityMin": 1,
              "QuantityMax": 2
            }
          },
          {
            "Type": "Single",
            "Weight": 1,
            "Item": {
              "ItemId": "Potion_Signature_Greater",
              "QuantityMin": 1,
              "QuantityMax": 2
            }
          }
        ]
      },
      {
        "Type": "Choice",
        "RollsMin": 1,
        "RollsMax": 1,
        "Containers": [
          {
            "Type": "Single",
            "Weight": 3,
            "Item": {
              "ItemId": "Weapon_Battleaxe_Cobalt",
              "QuantityMin": 1,
              "QuantityMax": 1
            }
          },
          {
            "Type": "Single",
            "Weight": 3,
            "Item": {
              "ItemId": "Weapon_Daggers_Cobalt",
              "QuantityMin": 1,
              "QuantityMax": 1
            }
          },
          {
            "Type": "Single",
            "Weight": 3,
            "Item": {
              "ItemId": "Weapon_Mace_Cobalt",
              "QuantityMin": 1,
              "QuantityMax": 1
            }
          },
          {
            "Type": "Single",
            "Weight": 3,
            "Item": {
              "ItemId": "Weapon_Sword_Cobalt",
              "QuantityMin": 1,
              "QuantityMax": 1
            }
          },
          {
            "Type": "Single",
            "Weight": 3,
            "Item": {
              "ItemId": "Weapon_Shield_Cobalt",
              "QuantityMin": 1,
              "QuantityMax": 1
            }
          },
          {
            "Type": "Single",
            "Weight": 3,
            "Item": {
              "ItemId": "Weapon_Shortbow_Cobalt",
              "QuantityMin": 1,
              "QuantityMax": 1
            }
          },
          {
            "Type": "Single",
            "Weight": 5,
            "Item": {
              "ItemId": "Tool_Hatchet_Cobalt",
              "QuantityMin": 1,
              "QuantityMax": 1
            }
          },
          {
            "Type": "Single",
            "Weight": 5,
            "Item": {
              "ItemId": "Tool_Pickaxe_Cobalt",
              "QuantityMin": 1,
              "QuantityMax": 1
            }
          },
          {
            "Type": "Single",
            "Weight": 5,
            "Item": {
              "ItemId": "Armor_Cobalt_Chest",
              "QuantityMin": 1,
              "QuantityMax": 1
            }
          },
          {
            "Type": "Single",
            "Weight": 5,
            "Item": {
              "ItemId": "Armor_Cobalt_Hands",
              "QuantityMin": 1,
              "QuantityMax": 1
            }
          },
          {
            "Type": "Single",
            "Weight": 5,
            "Item": {
              "ItemId": "Armor_Cobalt_Head",
              "QuantityMin": 1,
              "QuantityMax": 1
            }
          },
          {
            "Type": "Single",
            "Weight": 5,
            "Item": {
              "ItemId": "Armor_Cobalt_Legs",
              "QuantityMin": 1,
              "QuantityMax": 1
            }
          },
          {
            "Type": "Single",
            "Weight": 10,
            "Item": {
              "ItemId": "Weapon_Battleaxe_Thorium",
              "QuantityMin": 1,
              "QuantityMax": 1
            }
          },
          {
            "Type": "Single",
            "Weight": 10,
            "Item": {
              "ItemId": "Weapon_Daggers_Thorium",
              "QuantityMin": 1,
              "QuantityMax": 1
            }
          },
          {
            "Type": "Single",
            "Weight": 10,
            "Item": {
              "ItemId": "Weapon_Mace_Thorium",
              "QuantityMin": 1,
              "QuantityMax": 1
            }
          },
          {
            "Type": "Single",
            "Weight": 10,
            "Item": {
              "ItemId": "Weapon_Sword_Thorium",
              "QuantityMin": 1,
              "QuantityMax": 1
            }
          },
          {
            "Type": "Single",
            "Weight": 10,
            "Item": {
              "ItemId": "Weapon_Shield_Thorium",
              "QuantityMin": 1,
              "QuantityMax": 1
            }
          },
          {
            "Type": "Single",
            "Weight": 10,
            "Item": {
              "ItemId": "Weapon_Shortbow_Thorium",
              "QuantityMin": 1,
              "QuantityMax": 1
            }
          },
          {
            "Type": "Single",
            "Weight": 25,
            "Item": {
              "ItemId": "Tool_Hatchet_Thorium",
              "QuantityMin": 1,
              "QuantityMax": 1
            }
          },
          {
            "Type": "Single",
            "Weight": 25,
            "Item": {
              "ItemId": "Tool_Pickaxe_Thorium",
              "QuantityMin": 1,
              "QuantityMax": 1
            }
          },
          {
            "Type": "Single",
            "Weight": 20,
            "Item": {
              "ItemId": "Armor_Thorium_Chest",
              "QuantityMin": 1,
              "QuantityMax": 1
            }
          },
          {
            "Type": "Single",
            "Weight": 20,
            "Item": {
              "ItemId": "Armor_Thorium_Hands",
              "QuantityMin": 1,
              "QuantityMax": 1
            }
          },
          {
            "Type": "Single",
            "Weight": 20,
            "Item": {
              "ItemId": "Armor_Thorium_Head",
              "QuantityMin": 1,
              "QuantityMax": 1
            }
          },
          {
            "Type": "Single",
            "Weight": 20,
            "Item": {
              "ItemId": "Armor_Thorium_Legs",
              "QuantityMin": 1,
              "QuantityMax": 1
            }
          },
          {
            "Type": "Single",
            "Weight": 75,
            "Item": {
              "ItemId": "Weapon_Arrow_Crude",
              "QuantityMin": 5,
              "QuantityMax": 12
            }
          },
          {
            "Type": "Empty",
            "Weight": 135
          }
        ]
      },
      {
        "Type": "Choice",
        "Weight": 25,
        "Containers": [
          {
            "Type": "Choice",
            "Containers": [
              {
                "Type": "Single",
                "Weight": 15,
                "Item": {
                  "ItemId": "GearedCent_Head"
                }
              },
              {
                "Type": "Single",
                "Weight": 5,
                "Item": {
                  "ItemId": "Geared_Cent_Head_Glow"
                }
              }
            ],
            "Weight": 25
          },
          {
            "Type": "Choice",
            "Weight": 25,
            "Containers": [
              {
                "Type": "Single",
                "Item": {
                  "ItemId": "GearedCent_Chest"
                },
                "Weight": 15
              },
              {
                "Type": "Single",
                "Weight": 5,
                "Item": {
                  "ItemId": "GearedCent_Chest_Glow"
                }
              }
            ]
          },
          {
            "Type": "Choice",
            "Weight": 25,
            "Containers": [
              {
                "Type": "Single",
                "Item": {
                  "ItemId": "Geared_Cent_Hands"
                },
                "Weight": 15
              },
              {
                "Type": "Single",
                "Item": {
                  "ItemId": "Geared_Cent_Hands_Glow"
                },
                "Weight": 5
              }
            ]
          },
          {
            "Type": "Choice",
            "Containers": [
              {
                "Type": "Single",
                "Weight": 15,
                "Item": {
                  "ItemId": "Geared_Cent_Legs"
                }
              },
              {
                "Type": "Single",
                "Weight": 5,
                "Item": {
                  "ItemId": "GearedCent_Legs_Glow"
                }
              }
            ]
          }
        ]
      }
    ]
  }
}
