{
  "TranslationProperties": {
    "Name": "Energized Centurion Gauntlets"
  },
  "Parent": "Armor_Iron_Hands",
  "ItemLevel": 28,
  "Icon": "Icons/ItemsGenerated/Geared_Cent_Hands_Glow.png",
  "IconProperties": {
    "Scale": 0.5,
    "Rotation": [
      22.5,
      45,
      22.5
    ],
    "Translation": [
      0.3,
      -15
    ]
  },
  "Model": "Items/Armor/GearedCent/DwarvenArmor_Hands.blockymodel",
  "Texture": "Items/Armor/GearedCent/GearedCent_Hands_Texture_Glow.png",
  "Recipe": {
    "TimeSeconds": 2,
    "Input": [
      {
        "ItemId": "Ingredient_Bar_Bronze",
        "Quantity": 2
      },
      {
        "ResourceTypeId": "Wood_Trunk",
        "Quantity": 1
      },
      {
        "ItemId": "Ingredient_Leather_Medium",
        "Quantity": 2
      }
    ],
    "BenchRequirement": [
      {
        "Id": "TODO",
        "Type": "Crafting",
        "Categories": [
          "Armor_Hands"
        ]
      }
    ],
    "KnowledgeRequired": true
  },
  "Armor": {
    "ArmorSlot": "Hands",
    "BaseDamageResistance": 0,
    "DamageResistance": {
      "Physical": [
        {
          "Amount": 0.04,
          "CalculationType": "Multiplicative"
        }
      ],
      "Projectile": [
        {
          "Amount": 0.04,
          "CalculationType": "Multiplicative"
        }
      ]
    },
    "StatModifiers": {
      "Health": [
        {
          "Amount": 10,
          "CalculationType": "Additive"
        }
      ],
      "Stamina": [
        {
          "Target": "Max",
          "CalculationType": "Additive",
          "Amount": 2
        }
      ]
    },
    "CosmeticsToHide": [
      "Gloves"
    ]
  },
  "Tags": {
    "Type": [
      "Armor"
    ],
    "Family": [
      "Bronze"
    ],
    "SubType": [
      "Planks"
    ]
  },
  "MaxDurability": 120,
  "ItemSoundSetId": "ISS_Armor_Heavy",
  "Quality": "Rare"
}
