{
  "TranslationProperties": {
    "Name": "Energized Centurion Chestplate"
  },
  "Parent": "Armor_Iron_Chest",
  "ItemLevel": 28,
  "Icon": "Icons/ItemsGenerated/GearedCent_Chest_Glow.png",
  "IconProperties": {
    "Scale": 0.35,
    "Rotation": [
      22.5,
      45,
      22.5
    ],
    "Translation": [
      0,
      -27
    ]
  },
  "Model": "Items/Armor/GearedCent/DwarvenArmor_Chest.blockymodel",
  "Texture": "Items/Armor/GearedCent/GearedCent_Chest_Texture_Glow.png",
  "Recipe": {
    "TimeSeconds": 2,
    "Input": [
      {
        "ItemId": "Ingredient_Bar_Bronze",
        "Quantity": 6
      },
      {
        "ResourceTypeId": "Wood_Trunk",
        "Quantity": 2
      },
      {
        "ItemId": "Ingredient_Leather_Medium",
        "Quantity": 2
      }
    ],
    "BenchRequirement": [
      {
        "Id": "TODO",
        "Type": "Crafting",
        "Categories": [
          "Armor_Chest"
        ]
      }
    ],
    "KnowledgeRequired": true
  },
  "Armor": {
    "ArmorSlot": "Chest",
    "BaseDamageResistance": 0,
    "CosmeticsToHide": [
      "Overtop"
    ],
    "DamageResistance": {
      "Physical": [
        {
          "Amount": 0.09,
          "CalculationType": "Multiplicative"
        }
      ],
      "Projectile": [
        {
          "Amount": 0.09,
          "CalculationType": "Multiplicative"
        }
      ]
    },
    "StatModifiers": {
      "Health": [
        {
          "Amount": 22,
          "CalculationType": "Additive"
        }
      ],
      "Stamina": [
        {
          "CalculationType": "Additive",
          "Amount": 3
        }
      ]
    }
  },
  "Tags": {
    "Type": [
      "Armor"
    ],
    "Family": [
      "Bronze"
    ],
    "SubType": [
      "Planks"
    ]
  },
  "MaxDurability": 120,
  "ItemSoundSetId": "ISS_Armor_Heavy",
  "Quality": "Rare"
}
