{
  "TranslationProperties": {
    "Name": "Geared Centurion Helm"
  },
  "Parent": "Armor_Iron_Head",
  "ItemLevel": 28,
  "Icon": "Icons/ItemsGenerated/GearedCent_Head.png",
  "IconProperties": {
    "Scale": 0.4,
    "Rotation": [
      29.815,
      41.065,
      15.19
    ],
    "Translation": [
      2,
      2
    ]
  },
  "Model": "Items/Armor/GearedCent/DwarvenArmor_Head.blockymodel",
  "Texture": "Items/Armor/GearedCent/GearedCent_Head_Texture.png",
  "Recipe": {
    "TimeSeconds": 2,
    "Input": [
      {
        "ItemId": "Ingredient_Bar_Bronze",
        "Quantity": 3
      },
      {
        "ResourceTypeId": "Wood_Trunk",
        "Quantity": 2
      },
      {
        "ItemId": "Ingredient_Leather_Medium",
        "Quantity": 2
      }
    ],
    "BenchRequirement": [
      {
        "Id": "TODO",
        "Type": "Crafting",
        "Categories": [
          "Armor_Head"
        ]
      }
    ],
    "KnowledgeRequired": true
  },
  "Armor": {
    "ArmorSlot": "Head",
    "BaseDamageResistance": 0,
    "CosmeticsToHide": [
      "EarAccessory",
      "Ear",
      "Haircut",
      "HeadAccessory"
    ],
    "DamageResistance": {
      "Physical": [
        {
          "Amount": 0.05,
          "CalculationType": "Multiplicative"
        }
      ],
      "Projectile": [
        {
          "Amount": 0.05,
          "CalculationType": "Multiplicative"
        }
      ]
    },
    "StatModifiers": {
      "Health": [
        {
          "Amount": 12,
          "CalculationType": "Additive"
        }
      ],
      "Stamina": [
        {
          "CalculationType": "Additive",
          "Amount": 1
        }
      ]
    }
  },
  "Tags": {
    "Type": [
      "Armor"
    ],
    "Family": [
      "Bronze"
    ],
    "SubType": [
      "Planks"
    ]
  },
  "MaxDurability": 120,
  "ItemSoundSetId": "ISS_Armor_Heavy",
  "Quality": "Rare"
}
