{
  "TranslationProperties": {
    "Name": "Geared Centurion Greaves"
  },
  "Parent": "Armor_Iron_Legs",
  "ItemLevel": 22,
  "Icon": "Icons/ItemsGenerated/Geared_Cent_Legs.png",
  "IconProperties": {
    "Scale": 0.4,
    "Rotation": [
      22.5,
      45,
      22.5
    ],
    "Translation": [
      5,
      -23
    ]
  },
  "Model": "Items/Armor/GearedCent/DwarvenArmor_Legs.blockymodel",
  "Texture": "Items/Armor/GearedCent/GearedCent_Legs_Texture.png",
  "Recipe": {
    "TimeSeconds": 2,
    "Input": [
      {
        "ItemId": "Ingredient_Bar_Bronze",
        "Quantity": 4
      },
      {
        "ResourceTypeId": "Wood_Trunk",
        "Quantity": 2
      },
      {
        "ItemId": "Ingredient_Leather_Light",
        "Quantity": 3
      }
    ],
    "BenchRequirement": [
      {
        "Id": "TODO",
        "Type": "Crafting",
        "Categories": [
          "Armor_Legs"
        ]
      }
    ],
    "KnowledgeRequired": true
  },
  "Armor": {
    "ArmorSlot": "Legs",
    "BaseDamageResistance": 0,
    "CosmeticsToHide": [
      "Pants",
      "Shoes"
    ],
    "StatModifiers": {
      "Health": [
        {
          "Amount": 17,
          "CalculationType": "Additive"
        }
      ],
      "Stamina": [
        {
          "CalculationType": "Additive",
          "Amount": 2
        }
      ],
      "JumpBoost": [
        {
          "CalculationType": "Multiplicative",
          "Amount": 1.5
        }
      ],
      "JumpHeight": [
        {
          "CalculationType": "Multiplicative",
          "Amount": 1.5
        }
      ]
    },
    "DamageResistance": {
      "Physical": [
        {
          "Amount": 0.07,
          "CalculationType": "Multiplicative"
        }
      ],
      "Projectile": [
        {
          "Amount": 0.07,
          "CalculationType": "Multiplicative"
        }
      ]
    }
  },
  "MaxDurability": 250,
  "Tags": {
    "Type": [
      "Armor"
    ],
    "Family": [
      "Bronze"
    ]
  },
  "ItemSoundSetId": "ISS_Armor_Heavy",
  "Quality": "Rare",
  "RenderDeployablePreview": false,
  "Interactions": {}
}
